æ ‡é¢˜,URL,æ·»åŠ æ—¶é—´,åŸå§‹åˆ†ç±»,ä¸»åˆ†ç±»
è…¾è®¯ä¼ä¸šé‚®ç®± - æ”¶ä»¶ç®±,"https://exmail.qq.com/cgi-bin/frame_html?sid=iPnr0AdJmchpZ0gq,2&sign_type=&r=7ae2925a1703c779a03b9bf4e05fe0bd",1654840750,æœªåˆ†ç±»,å·¥å…·ç½‘ç«™
SATA/FC2259: 2259 SATAé¡¹ç›®ä»“åº“ - Gogs,http://172.16.3.68:3000/SATA/FC2259,1719220118,æœªåˆ†ç±»,å…¶ä»–èµ„æº
ä¸‰åœ°ä¸€èŠ¯ç ”å‘é¡¹ç›®ç®¡ç†ç³»ç»Ÿ,http://172.16.3.68/openproject/,1667790714,æœªåˆ†ç±»,å…¶ä»–èµ„æº
ç»©æ•ˆç®¡ç†,http://k-server/php/logout.php,1681719463,æœªåˆ†ç±»,å…¶ä»–èµ„æº
asticode/go-astilectron: Build cross platform GUI apps with GO and HTML/JS/CSS (powered by Electron),https://github.com/asticode/go-astilectron,1595990430,æœªåˆ†ç±»,å¼€å‘å·¥å…·
fyne-io/fyne: Cross platform GUI in Go based on Material Design,https://github.com/fyne-io/fyne,1595990487,æœªåˆ†ç±»,å¼€å‘å·¥å…·
å…¥é—¨æŒ‡å— ä½¿ç”¨Fyneè¿›è¡Œå¼€å‘,https://developer.fyne.io/started/,1595992237,æœªåˆ†ç±»,å­¦ä¹ èµ„æº
fyne Â· phpç¼–ç¨‹å®å½• Â· çœ‹äº‘,https://www.kancloud.cn/shus521/tyss/1633252,1596532262,æœªåˆ†ç±»,å­¦ä¹ èµ„æº
fyneåŒ…Â·pkg.go.dev,https://pkg.go.dev/fyne.io/fyne?tab=doc#pkg-overview,1596532287,æœªåˆ†ç±»,å­¦ä¹ èµ„æº
ying32/govcl: Cross-platform Golang GUI library.,https://github.com/ying32/govcl,1596767221,æœªåˆ†ç±»,å¼€å‘å·¥å…·
æ‹¼å›¾å¼€å‘æ–‡æ¡£-åŸºç¡€-é¢œè‰²,https://www.pintuer.com/documents/pintuer/2.0/basic/color/,1595986314,æœªåˆ†ç±»,å…¶ä»–èµ„æº
GitHub,https://github.com/,1595986314,æœªåˆ†ç±»,å¼€å‘å·¥å…·
chengms (chengms) - ç äº‘ Gitee.com,https://gitee.com/chengms,1595986314,æœªåˆ†ç±»,å…¶ä»–èµ„æº
chengms - c458730977,https://coding.net/u/c458730977/p/chengms,1595986314,æœªåˆ†ç±»,å…¶ä»–èµ„æº
free-programming-books/free-programming-books-zh.md at master Â· EbookFoundation/free-programming-books Â· GitHub,https://github.com/EbookFoundation/free-programming-books/blob/master/free-programming-books-zh.md,1595986314,æœªåˆ†ç±»,å…¶ä»–èµ„æº
æ‰‹æœºä¸Šå¯ä»¥å®‰è£…dockerå—_ç™¾åº¦æœç´¢,https://www.baidu.com/s?ie=utf-8&f=8&rsv_bp=1&rsv_idx=1&tn=baidu&wd=%E6%89%8B%E6%9C%BA%E4%B8%8A%E5%8F%AF%E4%BB%A5%E5%AE%89%E8%A3%85docker%E5%90%97&fenlei=256&oq=%25E6%25B7%2598%25E5%25AE%259D&rsv_pq=e3ed9cef00039bc1&rsv_t=9808m%2FirZ%2BIJm75WtJT9WltQEWSube3Pa%2BIzWzOU%2FBSGrtDv%2BKU5t0UjY2s&rqlang=cn&rsv_enter=1&rsv_dl=tb&rsv_btype=t&inputT=5232&sug=termux%25E4%25BD%25BF%25E7%2594%25A8%25E6%2595%2599%25E7%25A8%258B&rsv_sug3=213&rsv_sug1=82&rsv_sug7=100&rsv_sug2=0&rsv_sug4=5232,1595986314,æœªåˆ†ç±»,å…¶ä»–èµ„æº
gin,https://eddycjy.com/tags/gin/,1595986314,æœªåˆ†ç±»,å…¶ä»–èµ„æº
chengms/A-Programmers-Guide-to-English: ä¸“ä¸ºç¨‹åºå‘˜ç¼–å†™çš„è‹±è¯­å­¦ä¹ æŒ‡å—ã€‚v1.0,https://github.com/chengms/A-Programmers-Guide-to-English,1595986314,æœªåˆ†ç±»,å…¶ä»–èµ„æº
danistefanovic/build-your-own-x:  Build your own (insert technology here),https://github.com/danistefanovic/build-your-own-x,1595986314,æœªåˆ†ç±»,å…¶ä»–èµ„æº
GitHub - filebrowser/filebrowser: Web File Manager which can be used as a middleware or standalone app.,https://github.com/filebrowser/filebrowser#features,1537086781,æœªåˆ†ç±»,å…¶ä»–èµ„æº
Docker Hub,https://hub.docker.com/,1595986314,æœªåˆ†ç±»,å¼€å‘å·¥å…·
NotionNextéƒ¨ç½²-Vercelç‰ˆæœ¬ | TANGLYâ€™s BLOG,https://tangly1024.com/article/vercel-deploy-notion-next,1682067698,æœªåˆ†ç±»,å…¶ä»–èµ„æº
äº‘äº§å“é‡‡è´­å­£ï¼ŒåŠ©åŠ›è¡Œä¸šå¤å·¥ï¼-è…¾è®¯äº‘,https://cloud.tencent.com/act/season?fromrenewal#voucher,1595986314,æœªåˆ†ç±»,äº‘æœåŠ¡
äº‘ä¸»æœº - Default,https://console.ucloud.cn/uhost/uhost,1595986314,æœªåˆ†ç±»,äº‘æœåŠ¡
æœåŠ¡å™¨ - è½»é‡åº”ç”¨æœåŠ¡å™¨ - æ§åˆ¶å°,https://console.cloud.tencent.com/lighthouse/instance/detail?rid=4&id=lhins-a0huo2sm&tab=telnet,1623594416,æœªåˆ†ç±»,äº‘æœåŠ¡
äº‘æœåŠ¡å™¨ç®¡ç†æ§åˆ¶å°,https://ecs.console.aliyun.com/?spm=5176.12818093.ProductAndService--ali--widget-home-product-recent.dre0.22fe16d0lxnSge#/home,1623597209,æœªåˆ†ç±»,äº‘æœåŠ¡
ECS-Workbench è¿œç¨‹æ¡Œé¢æœåŠ¡,https://ecs-workbench.aliyun.com/view/instance/single/alj7dxm7r9,1623837346,æœªåˆ†ç±»,äº‘æœåŠ¡
é˜¿é‡Œäº‘å¼€å‘è€…ç¤¾åŒº-é˜¿é‡Œäº‘å®˜ç½‘å¼€å‘è€…ç¤¾åŒº_äº‘è®¡ç®—ç¤¾åŒº,https://developer.aliyun.com/?spm=a2c4e.11154022.0.0.79941de2o8mD43,1595986314,æœªåˆ†ç±»,äº‘æœåŠ¡
å°ç¨‹åºäº‘ç¬¬äºŒæœŸè®­ç»ƒè¥-é˜¿é‡Œäº‘å¼€å‘è€…ç¤¾åŒº,https://developer.aliyun.com/topic/trainingcamp/applet02?accounttraceid=14c1d15886ae4f2da028b708d332b8d5grrd,1595986314,æœªåˆ†ç±»,å…¶ä»–èµ„æº
å¼€å‘è€…ä¸­å¿ƒæ§åˆ¶å°,https://open.alipay.com/platform/developerIndex.htm,1595986314,æœªåˆ†ç±»,å…¶ä»–èµ„æº
æ± å¡˜èŠ±ä¸å¼€,https://www.chengms.com/,1595986314,æœªåˆ†ç±»,å¼€å‘å·¥å…·
ç½‘ç«™æ¦‚è¦ - æ± å¡˜èŠ±ä¸å¼€ - Powered by Typecho,https://www.chengms.com/admin/,1595986314,æœªåˆ†ç±»,å¼€å‘å·¥å…·
chengms - åšå®¢å›­,https://www.cnblogs.com/chengms/,1595986314,æœªåˆ†ç±»,å¼€å‘å·¥å…·
å…¨éƒ¨åŠ¨æ€_ç‰›å®¢ç½‘,https://www.nowcoder.com/,1595986314,æœªåˆ†ç±»,å­¦ä¹ èµ„æº
é¦–é¡µ - Goè¯­è¨€ä¸­æ–‡ç½‘ - Golangä¸­æ–‡ç¤¾åŒº,https://studygolang.com/,1595986526,æœªåˆ†ç±»,å­¦ä¹ èµ„æº
"dockerä¸­æ–‡ç¤¾åŒº,dockerå¸®åŠ©,dockeræ‰‹å†Œ,dockeræ•™ç¨‹,dockerå®‰è£…æ‰‹å†Œ - dockerä¸­æ–‡ç¤¾åŒº",https://www.docker.org.cn/index.html,1597223746,æœªåˆ†ç±»,å­¦ä¹ èµ„æº
Bmobåç«¯äº‘,https://www.bmob.cn/,1600138967,æœªåˆ†ç±»,äº‘æœåŠ¡
å°ç¨‹åº,https://mp.weixin.qq.com/wxamp/home/guide?lang=zh_CN&token=674330941,1608215818,æœªåˆ†ç±»,å¼€å‘å·¥å…·
å…³æ³¨çš„é¡¹ç›® - Dashboard - å¾®ä¿¡å¼€å‘è€…ä»£ç ç®¡ç†,https://git.weixin.qq.com/,1611673995,æœªåˆ†ç±»,å¼€å‘å·¥å…·
å¾çˆ±ç ´è§£ - LCG - LSG|å®‰å“ç ´è§£|ç—…æ¯’åˆ†æ|www.52pojie.cn,https://www.52pojie.cn/forum.php,1634542045,æœªåˆ†ç±»,å·¥å…·ç½‘ç«™
å…°å›¾ç»˜-æ–¹ä¾¿æ˜“ç”¨çš„åœ°å›¾æ ‡ç»˜å¹³å°,https://www.ldmap.net/index.html,1645111184,æœªåˆ†ç±»,å·¥å…·ç½‘ç«™
è€ƒæ‹‰æ–°åª’ä½“å¯¼èˆªâ€”â€”æ–°åª’ä½“äººçš„ä¸“å±é—¨æˆ·ç½‘ç«™,https://www.kaolamedia.com/,1646207027,æœªåˆ†ç±»,å·¥å…·ç½‘ç«™
å¹³å°é¦–é¡µ,https://yopoy.lingc.top/user/,1646278598,æœªåˆ†ç±»,å…¶ä»–èµ„æº
Manage 144.202.57.246 - Vultr.com,https://my.vultr.com/subs/?id=76c84bba-a513-4279-8f5b-62cb414bfa1e,1679984997,æœªåˆ†ç±»,å…¶ä»–èµ„æº
æ±‚èŒ_æ‰¾å·¥ä½œ_æ‹›è˜_2025å¹´æ‹›è˜ä¿¡æ¯-æ™ºè”æ‹›è˜,https://www.zhaopin.com/,1739887935,æœªåˆ†ç±»,å·¥å…·ç½‘ç«™
BOSSç›´è˜-æ‰¾å·¥ä½œä¸ŠBOSSç›´è˜ç›´æ¥è°ˆï¼æ‹›è˜æ±‚èŒæ‰¾å·¥ä½œï¼,https://www.zhipin.com/,1739888007,æœªåˆ†ç±»,å·¥å…·ç½‘ç«™
ã€çŒè˜ã€‘-æ‹›è˜_æ‰¾å·¥ä½œ_æ±‚èŒ_ä¼ä¸šæ‹›äººå¹³å°,https://www.liepin.com/,1739888010,æœªåˆ†ç±»,å·¥å…·ç½‘ç«™
"NOè§†é¢‘ â€“ ä¸è´Ÿè¿½å‰§å¥½æ—¶å…‰ (ï¿£â–½ï¿£)""",https://www.novipnoad.com/,1595986314,æœªåˆ†ç±»,å¨±ä¹èµ„æº
èŒ¶æ¯ç‹ Cupfox,https://www.cupfox.com/,1595986314,æœªåˆ†ç±»,å¨±ä¹èµ„æº
å“ˆå“©å“ˆå“©å®˜ç½‘_halihali_äºŒæ¬¡å…ƒ,http://halihali.li/,1595986314,æœªåˆ†ç±»,å¨±ä¹èµ„æº
å—ç“œç”µå½±_1080Pé«˜æ¸…ç”µå½±ç”µè§†å‰§åœ¨çº¿çœ‹_å—ç“œå½±è§†å¤§å…¨,http://www.nangua5.com/,1617549750,æœªåˆ†ç±»,å¨±ä¹èµ„æº
äººä¸–é—´_ç”µè§†å‰§_å…¨é›†é«˜æ¸…åœ¨çº¿è§‚çœ‹_èŠ±å§å½±è§†,https://www.lyjxwl.com/iqiyi-164081-1-7.html,1644931061,æœªåˆ†ç±»,å¨±ä¹èµ„æº
å“”å“©å“”å“© (ã‚œ-ã‚œ)ã¤ãƒ­ å¹²æ¯~-bilibili,https://www.bilibili.com/,1595986314,æœªåˆ†ç±»,å¨±ä¹èµ„æº
BNDong/Cnblogs-Theme-SimpleMemory: ğŸ­ã€€Cnblogs theme _ Basic theme : SimpleMemory,https://github.com/BNDong/Cnblogs-Theme-SimpleMemory,1597039476,æœªåˆ†ç±»,å…¶ä»–èµ„æº
TeraCLOUD File Browser,https://yura.teracloud.jp/browser/,1669085990,æœªåˆ†ç±»,å…¶ä»–èµ„æº
webstackæ¼”ç¤ºç«™ | åˆä¸€ä¸ªWordPressç«™ç‚¹,http://webstack.iotheme.cn/,1636090272,æœªåˆ†ç±»,å…¶ä»–èµ„æº
èŒ¶æ¯ç‹ Cupfox - åŠªåŠ›è®©æ‰¾ç”µå½±å˜å¾—ç®€å•,https://cupfox.app/,1681300223,æœªåˆ†ç±»,å…¶ä»–èµ„æº
GDéŸ³ä¹å° - GD Studio's Online Music Platform,https://music.gdstudio.xyz/,1726035007,æœªåˆ†ç±»,å…¶ä»–èµ„æº
MyFreeMP3,https://tool.liumingye.cn/music/#/,1726035019,æœªåˆ†ç±»,å…¶ä»–èµ„æº
"æ¸¸æˆæ’è¡Œæ¦œ_ä¸­æ–‡å…è´¹ç‰ˆ,ç ´è§£ç‰ˆ,å­¦ä¹ ç‰ˆä¸‹è½½",https://www.danjipai.com/top/,1741960674,æœªåˆ†ç±»,å…¶ä»–èµ„æº
ç¾å›½äººå­¦è‹±è¯­ç«Ÿç„¶ä¸å­¦éŸ³æ ‡ï¼ä¸ºå•¥ä¸­å›½äººè¦å­¦ï¼Ÿ_å“”å“©å“”å“© (ã‚œ-ã‚œ)ã¤ãƒ­ å¹²æ¯~-bilibili,https://www.bilibili.com/video/av29899416/,1595986314,æœªåˆ†ç±»,å…¶ä»–èµ„æº
www.danci88.com,http://www.danci88.com/,1595986314,æœªåˆ†ç±»,å…¶ä»–èµ„æº
Anki-åŠŸèƒ½å¼ºå¤§çš„æ™ºèƒ½æŠ½è®¤å¡,https://apps.ankiweb.net/,1595986314,æœªåˆ†ç±»,å…¶ä»–èµ„æº
CLUMP | meaning in the Cambridge English Dictionary,https://dictionary.cambridge.org/dictionary/english/clump,1595986314,æœªåˆ†ç±»,å…¶ä»–èµ„æº
Aboboo,http://www.aboboo.com/g/#/home,1595986314,æœªåˆ†ç±»,å…¶ä»–èµ„æº
Introduction Â· Goè¯­è¨€é«˜çº§ç¼–ç¨‹,https://chai2010.gitbooks.io/advanced-go-programming-book/content/,1595986314,æœªåˆ†ç±»,å…¶ä»–èµ„æº
ç¤ºä¾‹: å¹¶å‘çš„EchoæœåŠ¡ | Goè¯­è¨€åœ£ç»,https://books.studygolang.com/gopl-zh/ch8/ch8-03.html,1595986314,æœªåˆ†ç±»,å…¶ä»–èµ„æº
æ–‡æ¡£ä¸ç½‘ç«™æ¶æ„ - å­¦ä¹  Web å¼€å‘ | MDN,https://developer.mozilla.org/zh-CN/docs/Learn/HTML/Introduction_to_HTML/%E6%96%87%E4%BB%B6%E5%92%8C%E7%BD%91%E7%AB%99%E7%BB%93%E6%9E%84,1595986314,æœªåˆ†ç±»,å…¶ä»–èµ„æº
Cè¯­è¨€æ•™ç¨‹_ç¼–ç¨‹å…¥é—¨æ•™ç¨‹_ç‰›å®¢ç½‘,https://www.nowcoder.com/tutorial/10002/7b0e9395fa854e93bf68f0f9ebf02b78,1595986314,æœªåˆ†ç±»,å…¶ä»–èµ„æº
Python3 å‡½æ•° | èœé¸Ÿæ•™ç¨‹,https://www.runoob.com/python3/python3-function.html,1597135210,æœªåˆ†ç±»,å…¶ä»–èµ„æº
ã€ç¬¬äº”èŠ‚ã€‘PyQt5äº‹ä»¶å’Œä¿¡å·-Pythonåœ¨çº¿å­¦ä¹ ,http://code.py40.com/2004.html,1597135217,æœªåˆ†ç±»,å…¶ä»–èµ„æº
Go è¯­è¨€è°ƒåº¦å™¨ä¸ Goroutine å®ç°åŸç† | Go è¯­è¨€è®¾è®¡ä¸å®ç°,https://draveness.me/golang/docs/part3-runtime/ch06-concurrency/golang-goroutine/,1597722380,æœªåˆ†ç±»,å…¶ä»–èµ„æº
ç¤ºä¾‹: åŸºäºæ ‡è®°çš„XMLè§£ç  - Goè¯­è¨€åœ£ç»,https://yar999.gitbook.io/gopl-zh/ch12/ch12-01,1598423017,æœªåˆ†ç±»,å…¶ä»–èµ„æº
1.2ã€é¡¹ç›®çš„åˆ›å»ºä¸é…ç½®,https://i.hackweek.org/handbook/tcb/0102.html,1608211854,æœªåˆ†ç±»,å…¶ä»–èµ„æº
1c7/Crash-Course-Computer-Science-Chinese: è®¡ç®—æœºé€Ÿæˆè¯¾ | Crash Course å­—å¹•ç»„ (å…¨40é›† 2018-5-1 ç²¾æ ¡å®Œæˆ),https://github.com/1c7/Crash-Course-Computer-Science-Chinese,1595986314,æœªåˆ†ç±»,å…¶ä»–èµ„æº
é‡å­¦æ•°æ®ç»“æ„ä¸ç®—æ³• - ä¸­ç§‘é™¢åšå£«ã€èµ„æ·±ç®—æ³•ä¸“å®¶ - æ‹‰å‹¾æ•™è‚²,https://kaiwu.lagou.com/course/courseInfo.htm?courseId=185#/detail/pc?id=3351,1601977503,æœªåˆ†ç±»,å…¶ä»–èµ„æº
2019å¾®ä¿¡å…¬å¼€è¯¾ PRO å¼ å°é¾™æ¼”è®²å®Œæ•´ç‰ˆ å›åº”å¾®ä¿¡çš„ä¸€åˆ‡ - YouTube,https://www.youtube.com/watch?v=fCHRf1h6y_U&ab_channel=%E8%8B%8F%E7%A7%80%E5%B8%B8,1611037942,æœªåˆ†ç±»,å…¶ä»–èµ„æº
ã€WEBå‰ç«¯ã€‘é›¶åŸºç¡€ç©è½¬å¾®ä¿¡å°ç¨‹åº_å“”å“©å“”å“© (ã‚œ-ã‚œ)ã¤ãƒ­ å¹²æ¯~-bilibili,https://www.bilibili.com/video/BV1nE41117BQ?p=2,1610030522,æœªåˆ†ç±»,å…¶ä»–èµ„æº
beego ç®€ä»‹ - beego: ç®€çº¦ & å¼ºå¤§å¹¶å­˜çš„ Go åº”ç”¨æ¡†æ¶,https://beego.me/docs/intro/,1595986314,æœªåˆ†ç±»,å…¶ä»–èµ„æº
å¼€å§‹ä½¿ç”¨ - Semantic UI - å­—èŠ‚è¯¾,https://zijieke.com/semantic-ui/introduction/getting-started.php,1595986314,æœªåˆ†ç±»,å…¶ä»–èµ„æº
Kubernetesï¼ˆk8sï¼‰ä¸­æ–‡æ–‡æ¡£ åè¯è§£é‡Š Volumes_Kubernetesä¸­æ–‡ç¤¾åŒº,https://www.kubernetes.org.cn/kubernetes-volumes,1595986335,æœªåˆ†ç±»,å…¶ä»–èµ„æº
Kubernetesæ˜¯ä»€ä¹ˆ _ Kubernetes(K8S)ä¸­æ–‡æ–‡æ¡£_Kubernetesä¸­æ–‡ç¤¾åŒº,http://docs.kubernetes.org.cn/227.html,1595986314,æœªåˆ†ç±»,å…¶ä»–èµ„æº
gRPC - NGINX Ingress Controller,https://kubernetes.github.io/ingress-nginx/examples/grpc/,1595988628,æœªåˆ†ç±»,å…¶ä»–èµ„æº
Goç‰ˆGTK - MikeJiang - åšå®¢å›­,https://www.cnblogs.com/tennysonsky/p/8433888.html,1596791901,æœªåˆ†ç±»,å…¶ä»–èµ„æº
ã€ç¬¬åäº”èŠ‚ã€‘Pythonè¾“å…¥å’Œè¾“å‡º-python3ä¸­æ–‡åœ¨çº¿æ•™ç¨‹,http://code.py40.com/python3/44.html,1597053838,æœªåˆ†ç±»,å…¶ä»–èµ„æº
gRPC å®˜æ–¹æ–‡æ¡£ä¸­æ–‡ç‰ˆ_V1.0,http://doc.oschina.net/grpc?t=60133,1597136231,æœªåˆ†ç±»,å…¶ä»–èµ„æº
è¯­è¨€æŒ‡å—ï¼ˆproto3ï¼‰| åè®®ç¼“å†²åŒº| Googleå¼€å‘äººå‘˜,https://developers.google.com/protocol-buffers/docs/proto3,1597136420,æœªåˆ†ç±»,å…¶ä»–èµ„æº
åä¸ºæœºè¯•åœ¨çº¿è®­ç»ƒ_ç‰›å®¢ç½‘,https://www.nowcoder.com/ta/huawei,1595986314,æœªåˆ†ç±»,å…¶ä»–èµ„æº
greyireland/algorithm-pattern: ç®—æ³•æ¨¡æ¿ï¼Œæœ€ç§‘å­¦çš„åˆ·é¢˜æ–¹å¼ï¼Œæœ€å¿«é€Ÿçš„åˆ·é¢˜è·¯å¾„ï¼Œä½ å€¼å¾—æ‹¥æœ‰~,https://github.com/greyireland/algorithm-pattern/,1596181931,æœªåˆ†ç±»,å…¶ä»–èµ„æº
Introduction - algorithm-pattern,https://greyireland.gitbook.io/algorithm-pattern/,1596184640,æœªåˆ†ç±»,å…¶ä»–èµ„æº
"Debian-Pi-Aarch64: è¿™æ˜¯å…¨çƒå‘è¡Œçš„ç¬¬ä¸€ä¸ªåŒæ—¶æ”¯æŒæ ‘è“æ´¾å…¨ç³»64ä½ç¡¬ä»¶çš„64ä½ç³»ç»Ÿ! æ”¯æŒåŒ…æ‹¬: 4B/3B+/3B/3A+, ä¸¤å¤§ç¤¾åŒºå¼ºå¼ºè”æ‰‹å‘å¸ƒ!",https://gitee.com/openfans-community/Debian-Pi-Aarch64,1581485731,æœªåˆ†ç±»,å…¶ä»–èµ„æº
ä¹¦æ ˆç½‘ Â· BookStack_ç¨‹åºå‘˜ITäº’è”ç½‘å¼€æºç¼–ç¨‹ä¹¦ç±å…è´¹é˜…è¯»ä¸ä¸‹è½½ï¼Œå–ä¹‹äºçŒ¿ç”¨ä¹‹äºçŒ¿ï¼,https://www.bookstack.cn/,1596175437,æœªåˆ†ç±»,å…¶ä»–èµ„æº
Nand Flashç®¡ç†ç®—æ³•ä»‹ç»ä¹‹åƒåœ¾å›æ”¶ç±»å‹ä»‹ç» - å¿ s - CSDNåšå®¢,https://blog.csdn.net/ibanezjem/article/details/78857348,1595986314,æœªåˆ†ç±»,å…¶ä»–èµ„æº
GCC(è­¦å‘Š.ä¼˜åŒ–ä»¥åŠè°ƒè¯•é€‰é¡¹ï¼‰ - lsgxeva - åšå®¢å›­,https://www.cnblogs.com/lsgxeva/p/7605141.html,1595986314,æœªåˆ†ç±»,å…¶ä»–èµ„æº
è®¡ç®—æœºæ˜¯å¦‚ä½•å¯åŠ¨çš„ï¼Ÿ_æ“ä½œç³»ç»Ÿ_çº¢è±†-CSDNåšå®¢,https://blog.csdn.net/yeahwell/article/details/8765903,1595986314,æœªåˆ†ç±»,å…¶ä»–èµ„æº
ä½¿ç”¨x11vncä½œä¸ºvncserverç«¯ - D_R_Y - åšå®¢å›­,https://www.cnblogs.com/qiaoyanlin/p/6914530.html,1595986314,æœªåˆ†ç±»,å…¶ä»–èµ„æº
apacheé€ŸæŸ¥è¡¨ - apache æ‰‹å†Œ - apache é€ŸæŸ¥è¡¨ apache ä½¿ç”¨æ‰‹å†Œ - apache åœ¨çº¿æ‰‹å†Œ - æµ·åº•è‹é¹°(tank)åšå®¢,http://manual.51yip.com/ApacheMenu/,1595986314,æœªåˆ†ç±»,å…¶ä»–èµ„æº
Linux å‘½ä»¤ä¸ä¸­æ–­(screen nohup)_æ“ä½œç³»ç»Ÿ_ä¸€å£¶å…”çš„åšå®¢-CSDNåšå®¢,https://blog.csdn.net/qq_36199640/article/details/102685293,1595986314,æœªåˆ†ç±»,å…¶ä»–èµ„æº
Go_æŠ€æœ¯æ ˆ_ç‰›å®¢ç½‘,https://www.nowcoder.com/stack/65,1595986314,æœªåˆ†ç±»,å…¶ä»–èµ„æº
goè¯­è¨€ç›¸å…³ä¹¦ç±å’Œppt,https://github.com/gopherchina/conference,1595986314,æœªåˆ†ç±»,å…¶ä»–èµ„æº
ginæºç é˜…è¯»ä¹‹ä¸‰ -- ginç‰›é€¼çš„context | HHFæŠ€æœ¯åšå®¢,https://www.haohongfan.com/post/2019-01-21-gin-03/,1595986314,æœªåˆ†ç±»,å…¶ä»–èµ„æº
å¾®ä¿¡å¼€æ”¾æ–‡æ¡£,https://developers.weixin.qq.com/miniprogram/dev/framework/,1611671834,æœªåˆ†ç±»,å…¶ä»–èµ„æº
TED_ç½‘æ˜“å…¬å¼€è¯¾,https://open.163.com/ted/,1627790781,æœªåˆ†ç±»,å…¶ä»–èµ„æº
å°æ±¤çš„ç§æˆ¿è¯¾,https://tangzhi.duanshu.com/#/,1636472685,æœªåˆ†ç±»,å…¶ä»–èµ„æº
æ³•å¾‹äººçš„å¸¸ç”¨ç½‘ç«™ Â· å–œæ¬¢å°±æ”¶è—ä¸€ä¸‹,https://hao.solegal.cn/,1636613244,æœªåˆ†ç±»,å…¶ä»–èµ„æº
ç”Ÿè´¢æœ‰æœ¯,https://appamvpb5mq9834.h5.xiaoeknow.com/homepage,1644932062,æœªåˆ†ç±»,å…¶ä»–èµ„æº
CSSæ•™ç¨‹ | ç‹é¹é£,https://www.pengfeixc.com/tutorial/css/introduction,1646383884,æœªåˆ†ç±»,å…¶ä»–èµ„æº
23ä¸ªå¸¸ç”¨çš„VSCodeå¿«æ·é”®ï¼ˆåŠ¨å›¾æ¼”ç¤ºï¼‰-VSCode-PHPä¸­æ–‡ç½‘,https://www.php.cn/tool/vscode/441696.html,1661161943,æœªåˆ†ç±»,å…¶ä»–èµ„æº
ç®€ä»‹ - Owen's Clip,https://clip.owenyoung.com/#owens-clip,1701652301,æœªåˆ†ç±»,å…¶ä»–èµ„æº
ä¸­å›½è¯é¢˜ - ç”¨ä¸­æ–‡æµè§ˆå›½å¤–æœ‰å…³ä¸­å›½è¯é¢˜çš„çƒ­é—¨è®¨è®º,https://china.buzzing.cc/,1701761993,æœªåˆ†ç±»,å…¶ä»–èµ„æº
å›¾ç‰‡å‹ç¼©,https://tinypng.com/,1595986314,æœªåˆ†ç±»,å…¶ä»–èµ„æº
The W3C Markup Validation Service,https://validator.w3.org/#validate_by_uri+with_options,1595986314,æœªåˆ†ç±»,å…¶ä»–èµ„æº
å›¾å¸æœº-æµ·æŠ¥æ¨¡æ¿åˆ¶ä½œ_å…è´¹åœ¨çº¿PSç¼–è¾‘å™¨_10ç§’æå®šå¹³é¢è®¾è®¡,https://www.tusij.com/,1628084030,æœªåˆ†ç±»,å…¶ä»–èµ„æº
logoåœ¨çº¿è®¾è®¡ç”Ÿæˆå™¨ - Shopify Hatchful,https://hatchful.shopify.com/zh-CN/,1638884831,æœªåˆ†ç±»,å…¶ä»–èµ„æº
ZeroTier Central,https://my.zerotier.com/network,1677072265,æœªåˆ†ç±»,å…¶ä»–èµ„æº
å¸ƒé›·äº‘,https://blaycloud.gq/user,1595986314,æœªåˆ†ç±»,å…¶ä»–èµ„æº
proxy_admin_free/README_ZH.md at master Â· snail007/proxy_admin_free,https://github.com/snail007/proxy_admin_free/blob/master/README_ZH.md,1596787211,æœªåˆ†ç±»,å…¶ä»–èµ„æº
é¦–é¡µ â€” XiXicats,https://xixi.ph/user,1610010943,æœªåˆ†ç±»,å…¶ä»–èµ„æº
çº¢çŒ«ç½‘ç»œ,https://www.hmfei1.vip/user/shop,1610010415,æœªåˆ†ç±»,å…¶ä»–èµ„æº
kingfast - å®¢æˆ·ä¸­å¿ƒ,https://kingfast.info/,1633683446,æœªåˆ†ç±»,å…¶ä»–èµ„æº
é¦–é¡µ â€” SPEEDCAT,https://aff03.speedcat-aff02.com/user,1677654636,æœªåˆ†ç±»,å…¶ä»–èµ„æº
ç”¨æˆ·ä¸­å¿ƒ â€” é€Ÿé£,http://www.sufei34.xyz/user,1725602834,æœªåˆ†ç±»,å…¶ä»–èµ„æº
CodeSandboxï¼šç”¨äºå¿«é€ŸWebå¼€å‘çš„åœ¨çº¿IDE,https://codesandbox.io/index2,1595986314,æœªåˆ†ç±»,å…¶ä»–èµ„æº
W3School TIY Editor,https://www.w3school.com.cn/tiy/t.asp?f=html_comment,1595986314,æœªåˆ†ç±»,å…¶ä»–èµ„æº
Electron | ä½¿ç”¨ JavaScriptï¼ŒHTML å’Œ CSS æ„å»ºè·¨å¹³å°çš„æ¡Œé¢åº”ç”¨ç¨‹åºã€‚,http://www.electronjs.org/,1595986314,æœªåˆ†ç±»,å…¶ä»–èµ„æº
Creative Vix Â· Photography,https://www.pexels.com/@creative-vix,1595986314,æœªåˆ†ç±»,å…¶ä»–èµ„æº
2.4 million+ Stunning Free Images to Use Anywhere - Pixabay,https://pixabay.com/,1638932468,æœªåˆ†ç±»,å…¶ä»–èµ„æº
"è·¯è¿‡å›¾åºŠ - å…è´¹å›¾ç‰‡ä¸Šä¼ , ä¸“ä¸šå›¾ç‰‡å¤–é“¾, å…è´¹å…¬å…±å›¾åºŠ",https://imgchr.com/,1595986314,æœªåˆ†ç±»,å…¶ä»–èµ„æº
DLLä¸‹è½½ - æ‰¾DLLä¸‹è½½ç«™,https://www.zhaodll.com/dll/,1598112278,æœªåˆ†ç±»,å…¶ä»–èµ„æº
ç³»ç»Ÿé•œåƒä¸‹è½½TechBench by WZT (v4.1.1),https://tb.rg-adguard.net/public.php?lang=zh-CN,1645089331,æœªåˆ†ç±»,å…¶ä»–èµ„æº
ProcessOn - å…è´¹åœ¨çº¿ä½œå›¾ï¼Œæ€ç»´å¯¼å›¾ï¼Œæµç¨‹å›¾ï¼Œå®æ—¶åä½œ,https://www.processon.com/,1610000585,æœªåˆ†ç±»,å…¶ä»–èµ„æº
111,https://www.jianguoyun.com/static/drawio/index.html?fileName=111.ngm&sndId=123e5a0&sndMagic=9a3aa2b98f20a67&path=%2F111.ngm&dLink=%2Fc%2Fdl-preview%2Ffile%3Fexp%3D5ff6a6f2%26sid%3D19129760%26path%3D%252F111.ngm%26ver%3D1%26un%3Dcms2012%2540live.cn%26sig%3DpXdyMVgzcfdNjhfYNDDaQvVXmNHRqTVC1CzOebONBx4,1610000615,æœªåˆ†ç±»,å…¶ä»–èµ„æº
æœªå‘½åç»˜å›¾ - diagrams.net,https://app.diagrams.net/,1610000618,æœªåˆ†ç±»,å…¶ä»–èµ„æº
diagrams.net,https://app.diagrams.net/#Hchengms%2FmyFile%2Fmain%2FFW_learn.drawio,1621326198,æœªåˆ†ç±»,å…¶ä»–èµ„æº
boardmixåšæ€ç™½æ¿ï¼Œå›¢é˜Ÿææ•ˆé­”æ³•æ£’,https://boardmix.cn/ai-whiteboard/,1695263849,æœªåˆ†ç±»,å…¶ä»–èµ„æº
æ™ºé¢†ç¤¾åŒº,https://aicollars.com/?code=flysnow,1680145502,æœªåˆ†ç±»,å…¶ä»–èµ„æº
æ¥è‡ª Microsoft å¿…åº”çš„å›¾åƒåˆ›å»ºè€…,https://www.bing.com/images/create,1679553750,æœªåˆ†ç±»,AIèµ„æº
ç½‘é¡µæ‹–æ‹½ç”Ÿæˆå·¥å…· - Ant Design Landing,https://landing.ant.design/index-cn,1634525047,æœªåˆ†ç±»,å·¥å…·ç½‘ç«™
æ™ºå½±-åœ¨çº¿æ™ºèƒ½è§†é¢‘åˆ›ä½œå¹³å°,https://zenvideo.qq.com/home,1647399812,æœªåˆ†ç±»,AIèµ„æº
All-in-one AI Design Art Generator | AI Image Generator From Text | ImgCreator.AI,https://imgcreator.zmo.ai/ai-generator,1684830949,æœªåˆ†ç±»,AIèµ„æº
CognosysAI,https://www.cognosys.ai/,1685023813,æœªåˆ†ç±»,AIèµ„æº
Stable Diffusion æ³•æœ¯è§£æ,https://spell.novelai.dev/,1686753814,æœªåˆ†ç±»,AIèµ„æº
AIè‰ºæœ¯å¤©å ‚ç½‘ - AI è‰ºæœ¯å®¶çš„ç½‘å€å¯¼èˆªï¼Œè®©å¤§å®¶å‘ç°æ›´å¤š AI è‰ºæœ¯çš„ä¸–ç•Œã€‚,https://a2a.top/#,1691587495,æœªåˆ†ç±»,AIèµ„æº
AI Playground,https://sdk.vercel.ai/,1691587546,æœªåˆ†ç±»,AIèµ„æº
æƒ³å®šåˆ¶è‡ªå·±çš„æ–‡å›¾ç”Ÿæˆæ¨¡å‹å—ï¼Ÿæƒ³ç”»ä»€ä¹ˆç”»ä»€ä¹ˆ - é£æ¡¨AI Studio,https://aistudio.baidu.com/aistudio/projectdetail/4905623,1691587563,æœªåˆ†ç±»,AIèµ„æº
Claude - ms - 1 ä¸ªæ–°é¡¹ç›® - Slack,https://app.slack.com/client/T053W0RL3L5/D0541DJ8E76?redir=%2Fapps%2FA04KGS7N9A8,1691587606,æœªåˆ†ç±»,AIèµ„æº
NovelAI.Dev,https://novelai.dev/,1691677082,æœªåˆ†ç±»,AIèµ„æº
Hugging Face â€“ The AI community building the future.,https://huggingface.co/,1691677144,æœªåˆ†ç±»,AIèµ„æº
XXMix_9realistic - v4.0 | Stable Diffusion Checkpoint | Civitai,https://civitai.com/models/47274/xxmix9realistic,1691677174,æœªåˆ†ç±»,AIèµ„æº
"PromptHero - Search prompts for Stable Diffusion, ChatGPT & Midjourney",https://prompthero.com/,1691677322,æœªåˆ†ç±»,AIèµ„æº
91WinkAIå¯¼èˆª | AIåŠäººå·¥æ™ºèƒ½åº”ç”¨å¤§å…¨ï¼Œå›½å†…å¤–AIå·¥å…·é›†åˆï¼,https://www.91wink.com/,1702456604,æœªåˆ†ç±»,AIèµ„æº
AIchatOS,https://chat16.aichatos.xyz/#/chat/1695621708587,1702456610,æœªåˆ†ç±»,AIèµ„æº
Dreamina,https://www.capcut.cn/ai-tool/platform,1709166656,æœªåˆ†ç±»,AIèµ„æº
WayToAGI,https://www.waytoagi.com/,1710421835,æœªåˆ†ç±»,AIèµ„æº
Kimi.ai - å¸®ä½ çœ‹æ›´å¤§çš„ä¸–ç•Œ,https://kimi.moonshot.cn/,1710480909,æœªåˆ†ç±»,AIèµ„æº
åŸé€šç½‘ç›˜,https://www.ctfile.com/,1595986314,æœªåˆ†ç±»,å…¶ä»–èµ„æº
è“å¥äº‘,https://pc.woozooo.com/mydisk.php,1634740782,æœªåˆ†ç±»,å…¶ä»–èµ„æº
é˜¿é‡Œäº‘ç›˜,https://www.aliyundrive.com/drive/,1677072265,æœªåˆ†ç±»,å…¶ä»–èµ„æº
PDFè½¬Wordåœ¨çº¿å…è´¹ â€“ PDFåœ¨çº¿è½¬æ¢æˆWord â€“ è¿…æ·PDFè½¬æ¢å™¨åœ¨çº¿å…è´¹ç‰ˆ,https://app.xunjiepdf.com/pdf2word/,1595986314,æœªåˆ†ç±»,å…¶ä»–èµ„æº
iLovePDF | ä¸ºPDFçˆ±å¥½è€…æä¾›çš„PDFæ–‡ä»¶åœ¨çº¿å¤„ç†å·¥å…·,https://www.ilovepdf.com/zh-cn,1637635150,æœªåˆ†ç±»,å…¶ä»–èµ„æº
å°ç çŸ­é“¾æ¥ç”Ÿæˆå™¨_çŸ­é“¾æ¥ç”Ÿæˆå™¨_2021å¹´çŸ­ç½‘å€ç”Ÿæˆ_çŸ­é“¾æ¥ç”Ÿæˆå·¥å…·,https://xiaomark.com/,1635149801,æœªåˆ†ç±»,å…¶ä»–èµ„æº
mrw.soç äººç½‘_å…è´¹çŸ­ç½‘å€_çŸ­é“¾æ¥_å¸¦æ•°æ®ç»Ÿè®¡,http://mrw.so/,1635150068,æœªåˆ†ç±»,å…¶ä»–èµ„æº
åœ¨çº¿ç™½æ¿,https://oxoyo.co/XBoard/,1636078744,æœªåˆ†ç±»,å…¶ä»–èµ„æº
RGBç½‘é¡µé¢œè‰²åœ¨çº¿å–è‰²å™¨,http://xiaohudie.net/RGB.html,1597115566,æœªåˆ†ç±»,å…¶ä»–èµ„æº
"emojiè¡¨æƒ… - emojiå¤§å…¨,emojiç™¾ç§‘",https://www.emojidaquan.com/common-drink-food-emojis,1623253222,æœªåˆ†ç±»,å…¶ä»–èµ„æº
LKs - è‰¯å¿ƒåˆ°éš¾ä»¥ç½®ä¿¡çš„ç½‘ç«™æ¨è,https://xiangjianan.gitee.io/lks/,1633744635,æœªåˆ†ç±»,å…¶ä»–èµ„æº
é“¶è¡Œå¡å·å½’å±åœ°æŸ¥è¯¢ç³»ç»Ÿ é“¶è¡Œå¡å½’å±æŸ¥è¯¢ å·¥å•†é“¶è¡Œå¡å½’å±åœ°æŸ¥è¯¢ å†œä¸šé“¶è¡Œå¡å½’å±åœ°æŸ¥è¯¢ äº¤é€šé“¶è¡Œå¡å½’å±åœ°æŸ¥è¯¢ å»ºè®¾é“¶è¡Œå¡å½’å±åœ°æŸ¥è¯¢ æ‹›å•†é“¶è¡Œå¡å½’å±åœ°æŸ¥è¯¢ å¦åœç½‘,http://guabu.com/bank/?cardid=6230520510004578775,1634542016,æœªåˆ†ç±»,å…¶ä»–èµ„æº
å¾çˆ±ç ´è§£ - LCG - LSG|å®‰å“ç ´è§£|ç—…æ¯’åˆ†æ|www.52pojie.cn,https://www.52pojie.cn/,1634738968,æœªåˆ†ç±»,å…¶ä»–èµ„æº
Dashboard,https://www.doprax.com/u/chengms666/,1679036464,æœªåˆ†ç±»,å…¶ä»–èµ„æº
çŸ­é“¾åœ¨çº¿ç”Ÿæˆ - ç«™é•¿å·¥å…·,http://tool.chinaz.com/tools/dwz.aspx,1635150074,æœªåˆ†ç±»,å…¶ä»–èµ„æº
ä¸‡æœ‰å¯¼èˆªä¸¨ä¸€ä¸ªäº’è”ç½‘å…¨èŒä¸šçš„èšåˆèµ„æºç½‘å€å¯¼èˆª,http://wanyouw.com/#term-174,1636078389,æœªåˆ†ç±»,å…¶ä»–èµ„æº
Eå¿«å¸®,http://erp.ekbyun.com/index.php,1636976347,æœªåˆ†ç±»,å…¶ä»–èµ„æº
Deskreen-å…±äº«æ¡Œé¢,https://deskreen.com/lang-zh_CN,1646384017,æœªåˆ†ç±»,å…¶ä»–èµ„æº
æŠ–éŸ³æ‰‹å¿«å¤´æ¡å…¨ä¸šåŠ¡ - äº¨äº¨çŒ«å»æ°´å°å‘˜å·¥å†…è´­,https://meituan1.cn/,1658282138,æœªåˆ†ç±»,å…¶ä»–èµ„æº
Zion | Engineerless Engineering,https://zion.functorz.com/login,1667458907,æœªåˆ†ç±»,å…¶ä»–èµ„æº
å‘é‡è„‰ç»œï¼šä¸€ä¸ªå¼€æºçš„æ— ä»£ç  AI å·¥ä½œæµ+æœ¬åœ°çŸ¥è¯†åº“è½¯ä»¶ - å°‘æ•°æ´¾,https://sspai.com/post/79916,1685085194,æœªåˆ†ç±»,å…¶ä»–èµ„æº
WorkTool,https://wt.asrtts.cn/,1696831183,æœªåˆ†ç±»,å…¶ä»–èµ„æº
Convert Markdown Table to HTML Table - Table Convert Online --- å°†é™ä»·è¡¨è½¬æ¢ä¸ºHTMLè¡¨æ ¼ - è¡¨æ ¼åœ¨çº¿è½¬æ¢,https://tableconvert.com/markdown-to-html,1700461372,æœªåˆ†ç±»,å…¶ä»–èµ„æº
DiskGenius ç ´è§£ä¸“ä¸šç‰ˆåˆè¾‘ (æ›´æ–°è‡³ 5.4.2) | Ln's Blog,https://weilining.github.io/251.html,1701225185,æœªåˆ†ç±»,å…¶ä»–èµ„æº
å›¾ç‰‡ç»„åˆ | Shutterstock,https://submit.shutterstock.com/zh/portfolio/pending/photo,1713451779,æœªåˆ†ç±»,å…¶ä»–èµ„æº
raspbian,https://192.168.3.5:9090/,1595986314,æœªåˆ†ç±»,å…¶ä»–èµ„æº
CmsStationÂ -Â SynologyÂ DiskStation,https://192.168.2.101:5001/?timestamp=1592316278,1595986314,æœªåˆ†ç±»,å…¶ä»–èµ„æº
Photos - Immich,http://121.5.229.43:2283/photos,1677072840,æœªåˆ†ç±»,å…¶ä»–èµ„æº
å®å¡”Linuxé¢æ¿,http://121.5.229.43:41766/firewall,1677482388,æœªåˆ†ç±»,å…¶ä»–èµ„æº
Portainer,http://172.25.15.192:9000/#!/home,1677169249,æœªåˆ†ç±»,å…¶ä»–èµ„æº
notion-next â€“ Overview - Vercel,https://vercel.com/458730977-qqcom/notion-next,1682064153,æœªåˆ†ç±»,å…¶ä»–èµ„æº
chengms/NotionNext: ä½¿ç”¨ NextJS + Notion API å®ç°çš„ï¼Œæ”¯æŒå¤šç§éƒ¨ç½²æ–¹æ¡ˆçš„é™æ€åšå®¢ï¼Œæ— éœ€æœåŠ¡å™¨ã€é›¶é—¨æ§›æ­å»ºç½‘ç«™ï¼Œä¸ºNotionå’Œæ‰€æœ‰åˆ›ä½œè€…è®¾è®¡ã€‚,https://github.com/chengms/NotionNext,1682064164,æœªåˆ†ç±»,å…¶ä»–èµ„æº
çŸ¥è¯†æ˜Ÿçƒ | æ·±åº¦è¿æ¥é“æ†ç²‰ä¸ï¼Œè¿è¥é«˜å“è´¨ç¤¾ç¾¤ï¼ŒçŸ¥è¯†å˜ç°çš„å·¥å…·,https://wx.zsxq.com/dweb2/index/group/init,1602640827,æœªåˆ†ç±»,å…¶ä»–èµ„æº
ç”Ÿè´¢æœ‰æœ¯Â·ç²¾åå¸–ç´¢å¼•å·¥å…·,https://search.shengcaiyoushu.com/,1631023111,æœªåˆ†ç±»,å…¶ä»–èµ„æº
(13 æ¡æ¶ˆæ¯) æ± å¡˜èŠ±ä¸å¼€ - çŸ¥ä¹,https://www.zhihu.com/people/chengms,1595986314,æœªåˆ†ç±»,å…¶ä»–èµ„æº
äº¬ä¸œè”ç›Ÿ - ç½‘ç»œèµšé’±ï¼Œæµé‡å˜ç°ï¼Œä¸“ä¸šç”µå•†CPSè”ç›Ÿå¹³å°ï¼,https://union.jd.com/overview,1603463973,æœªåˆ†ç±»,å…¶ä»–èµ„æº
æ·˜å®è”ç›Ÿ,https://pub.alimama.com/manage/overview/index.htm?spm=a219t.11816995.0.d60a03e63.2a8f6a15yV8gUB,1603466295,æœªåˆ†ç±»,å…¶ä»–èµ„æº
(1 å°ç§ä¿¡ / 4 æ¡æ¶ˆæ¯) æœ‰å“ªäº›å€¼å¾—æ¨èçš„æ•°æ®å¯è§†åŒ–å·¥å…·ï¼Ÿ - çŸ¥ä¹,https://www.zhihu.com/question/19929609/answer/47173913?utm_campaign=weekly208&utm_source=weekly-digest&utm_medium=email,1607593782,æœªåˆ†ç±»,å…¶ä»–èµ„æº
è§†é¢‘å·åŠ©æ‰‹,https://channels.weixin.qq.com/login,1611671818,æœªåˆ†ç±»,å…¶ä»–èµ„æº
ä¼ä¸šå¾®ä¿¡,https://work.weixin.qq.com/wework_admin/frame#index,1628692862,æœªåˆ†ç±»,å…¶ä»–èµ„æº
webscraperä¸­æ–‡ç½‘|å…³äºwebscraperï¼Œçœ‹è¿™ä¸ªç½‘ç«™å°±å¤Ÿäº†,http://www.iwebscraper.com/,1609905615,æœªåˆ†ç±»,å…¶ä»–èµ„æº
å¾®ä¿¡ï¼Œæ˜¯ä¸€ä¸ªç”Ÿæ´»æ–¹å¼,https://weixin.qq.com/,1643032881,æœªåˆ†ç±»,å…¶ä»–èµ„æº
å¾®ä¿¡å…¬ä¼—å¹³å°,https://mp.weixin.qq.com/,1610030696,æœªåˆ†ç±»,å…¶ä»–èµ„æº
å·¥ä½œå°-æœç‹å¿«ç«™,https://www.kuaizhan.com/v3/workspace,1639905891,æœªåˆ†ç±»,å…¶ä»–èµ„æº
è®©å¾®ä¿¡æ’ç‰ˆå˜ Nice,https://mdnice.com/,1595986314,æœªåˆ†ç±»,å…¶ä»–èµ„æº
å·¨é‡åˆ›æ„,https://cc.oceanengine.com/,1616119934,æœªåˆ†ç±»,å…¶ä»–èµ„æº
å¼€çœ¼å¿«åˆ›,https://cc.e.kuaishou.com/,1616120048,æœªåˆ†ç±»,å…¶ä»–èµ„æº
MarketingDesk - ä¸œä¿¡è¥é”€äº‘,https://cem.marketingdesk.cn/#/login?redirect=%2FMD,1616120137,æœªåˆ†ç±»,å…¶ä»–èµ„æº
å¿µåˆ-ç®¡ç†æ§åˆ¶å°,http://yun.nianchu.net/#/dashboard/workplace,1623595492,æœªåˆ†ç±»,å…¶ä»–èµ„æº
äº‘ç»å¼€æ”¾å¹³å°-æ•°æ®ä¸­å¿ƒ,https://pub.yunzhanxinxi.com/data/dashbord,1628342171,æœªåˆ†ç±»,å…¶ä»–èµ„æº
æ·˜å®è”ç›Ÿ,https://pub.alimama.com/manage/overview/index.htm?spm=a219t.11816994.1998910419.dd412374a0.11c875a5rtl8PI,1623595574,æœªåˆ†ç±»,å…¶ä»–èµ„æº
å¤šå¤šè¿›å®,https://jinbao.pinduoduo.com/promoter-audit,1623851853,æœªåˆ†ç±»,å…¶ä»–èµ„æº
è‰æ–™äºŒç»´ç ,https://console.cli.im/center?fromTopNav=1&keyword=&page=1&searchpage=1,1636102394,æœªåˆ†ç±»,å…¶ä»–èµ„æº
è‰æ–™äºŒç»´ç ç”Ÿæˆå™¨,https://cli.im/?ref=%2Fcenter,1636102423,æœªåˆ†ç±»,å…¶ä»–èµ„æº
æŠ–éŸ³åˆ›ä½œæœåŠ¡å¹³å°,https://creator.douyin.com/creator-micro/home,1637396906,æœªåˆ†ç±»,å…¶ä»–èµ„æº
èŠéº»å°å®¢æœ-å…è´¹ä¸“ä¸šçš„å…¬ä¼—å·å®¢æœç³»ç»Ÿå’Œå°ç¨‹åºå®¢æœç³»ç»Ÿ,https://xiaokefu.com.cn/app/Intelligent?parent_nav_label=openReply&nav_label=Intelligent&wechatapp_id=314437&channel_id=30742,1640067328,æœªåˆ†ç±»,å…¶ä»–èµ„æº
æ–‡ç« ä¼ªåŸåˆ›_å…è´¹ä¼ªåŸåˆ›å·¥å…·_AIåœ¨çº¿æ–‡ç« ä¼ªåŸåˆ›å·¥å…·,http://www.wzwyc.com/,1640308562,æœªåˆ†ç±»,å…¶ä»–èµ„æº
å¤šå¤šç›´æ’­,https://live.pinduoduo.com/creator/live-record,1641306203,æœªåˆ†ç±»,å…¶ä»–èµ„æº
æŠ–åº—-æŠ–éŸ³ç”µå•†å…¥é©»å¹³å°,https://fxg.jinritemai.com/,1647877299,æœªåˆ†ç±»,å…¶ä»–èµ„æº
iconfont-é˜¿é‡Œå·´å·´çŸ¢é‡å›¾æ ‡åº“,https://www.iconfont.cn/home/index?spm=a313x.7781069.1998910419.2,1612099114,æœªåˆ†ç±»,å…¶ä»–èµ„æº
æœ¨æ˜“ç¤¾-æµ·é‡èµ„æ–™åº“-æ±‡é›†å…¨ç½‘èµ„æ–™,http://muyishe.com/,1610086653,æœªåˆ†ç±»,å…¶ä»–èµ„æº
ä»Šæ—¥çƒ­æ¦œå®˜ç½‘,https://tophub.today/,1610086584,æœªåˆ†ç±»,å…¶ä»–èµ„æº
æ–°æ¦œ,https://www.newrank.cn/public/info/list.html?period=day&type=data,1610971812,æœªåˆ†ç±»,å…¶ä»–èµ„æº
å¾®ä¿¡æŒ‡æ•° - å£¹ä¼´,https://yiban.io/wxexponent/ranking,1610971916,æœªåˆ†ç±»,å…¶ä»–èµ„æº
è¥é”€æ¨å¹¿ - æ–‡ç« åˆ—è¡¨ - çˆ±å°åŠ©,https://www.juyifx.cn/article/list_6_0_1.html,1608282399,æœªåˆ†ç±»,å…¶ä»–èµ„æº
çŸ¥è¯†æ˜Ÿçƒ(å°å¯†åœˆ)æ¨è_çŸ¥è¯†æ˜ŸçƒAPPä½¿ç”¨æ•™ç¨‹-çŸ¥è¯†æ˜Ÿçƒç²¾é€‰ç«™,http://www.zsxq100.com/,1609905079,æœªåˆ†ç±»,å…¶ä»–èµ„æº
ç”¨ä¸­æ–‡æµè§ˆå›½å¤–ç¤¾äº¤åª’ä½“é‡Œçš„çƒ­é—¨è®¨è®º - Buzzing,https://www.buzzing.cc/,1615516321,æœªåˆ†ç±»,å…¶ä»–èµ„æº
cc0.photo - public domain photos.,http://cc0.photo/,1625756918,æœªåˆ†ç±»,å…¶ä»–èµ„æº
Beautiful Free Images & Pictures | Unsplash,https://unsplash.com/,1625758260,æœªåˆ†ç±»,å…¶ä»–èµ„æº
"Free Stock Video Footage, Royalty Free Videos for Download",https://coverr.co/,1626003651,æœªåˆ†ç±»,å…¶ä»–èµ„æº
Picup.me,http://ww1.picup.me/?r=&gc=pid-bodis-gcontrol115&query=Car%20no%20Money%20Down&afdToken=ChMI8ca28-PT8QIVgxymCh0nvg_QElLcHWC-f99avou4L9rC9Mw2QO3nknfFaRQ_5Smtfz6-Ntf7-OzE3y16sZK1wWy81Adjcp5XU-deW6qWuimXrhdICoLPcnss8bce8U_mk4RQbNo0,1626003664,æœªåˆ†ç±»,å…¶ä»–èµ„æº
è§†é¢‘å·æ•°æ®åˆ†æå¹³å° - æ–°è§†,https://xs.newrank.cn/data/home/index,1626101538,æœªåˆ†ç±»,å…¶ä»–èµ„æº
é˜¿é‡Œå°ç«™-é˜¿é‡Œäº‘ç›˜èµ„æºå…±äº«ç«™,https://alixiaozhan.net/,1637637708,æœªåˆ†ç±»,å…¶ä»–èµ„æº
æ£çº¢ - ä¸­å›½è‰² - ä¸­å›½ä¼ ç»Ÿé¢œè‰²,http://zhongguose.com/#zaohong,1638674815,æœªåˆ†ç±»,å…¶ä»–èµ„æº
åŠ¨æ€å£çº¸ - åŠ¨æ€æ¡Œé¢ - è§†é¢‘å£çº¸ - è‡´ç¾åŒ– - æ¼«é”‹ç½‘,https://zhutix.com/animated/,1639898456,æœªåˆ†ç±»,å…¶ä»–èµ„æº
"ä½›ç³»è½¯ä»¶ - ç²¾å“Windows,macOSç ´è§£è½¯ä»¶ä¸‹è½½",https://foxirj.com/,1666666384,æœªåˆ†ç±»,å…¶ä»–èµ„æº
è¡Œä¸šè¯åº“ - æ˜Ÿç½‘å¤§æ•°æ®,https://data.chinaz.com/keyword,1626704113,æœªåˆ†ç±»,å…¶ä»–èµ„æº
ç½‘ç»œæ¸¸æˆäº¤æ˜“å¹³å°|æ‰‹æ¸¸äº¤æ˜“|è£…å¤‡äº¤æ˜“|æ¸¸æˆå¸äº¤æ˜“|å¸å·äº¤æ˜“|ç‚¹å¡å……å€¼|ä»£ç»ƒæœåŠ¡-æ˜¯å›½å†…æƒå¨å®‰å…¨çš„æ¸¸æˆäº¤æ˜“å¹³å°-5173.com,http://www.5173.com/,1626704131,æœªåˆ†ç±»,å…¶ä»–èµ„æº
è¡Œä¸šæ•°æ®åº“_åˆ†ç±»è¡Œä¸šç½‘ç«™åº“åŠå…³é”®è¯åº“ - çˆ±ç«™ç½‘,https://www.aizhan.com/pccategory/,1626704230,æœªåˆ†ç±»,å…¶ä»–èµ„æº
å…³é”®è¯åº“_è¡Œä¸šå…³é”®è¯_è¡Œä¸šè¯åº“ç½‘ - 5118è¥é”€å¤§æ•°æ®,https://www.5118.com/ciku/index,1626704454,æœªåˆ†ç±»,å…¶ä»–èµ„æº
é—®æ˜Ÿæ•°æ®ã€è§†é¢‘å·ç‰ˆã€‘â€” å¾®ä¿¡è§†é¢‘å·æ•°æ®æœåŠ¡å¹³å°,https://sph.wenxingshuju.com/home,1626101502,æœªåˆ†ç±»,å…¶ä»–èµ„æº
è“å¤©æ•°æ®,https://www.feedsads.com/,1616120067,æœªåˆ†ç±»,å…¶ä»–èµ„æº
Docs,https://shengcaiyoushu01.feishu.cn/docs/doccnRgDmdM8HaS7GPK9QIaGsMe,1626706473,æœªåˆ†ç±»,å…¶ä»–èµ„æº
ç®—æ•°æŠ¥å‘Š-å·¨é‡ç®—æ•°,https://trendinsight.oceanengine.com/arithmetic-report,1637636210,æœªåˆ†ç±»,å…¶ä»–èµ„æº
æŠ–æŸ¥æŸ¥æ•°æ®-çŸ­è§†é¢‘&ç›´æ’­ç”µå•†æ•°æ®åˆ†ææœåŠ¡å¹³å°,https://www.douchacha.com/,1641640750,æœªåˆ†ç±»,å…¶ä»–èµ„æº
æŠ–éŸ³ç”µå•†å®˜ç½‘-æŠ–éŸ³å°åº—å…¥é©»-å…´è¶£ç”µå•†ç›´æ’­å¸¦è´§å¹³å°,https://www.douyinec.com/,1646527670,æœªåˆ†ç±»,å…¶ä»–èµ„æº
æŠ–éŸ³ç›´æ’­å’ŒçŸ­è§†é¢‘ç”µå•†æ•°æ®åˆ†æå¹³å° - è‰å¦ˆå¦ˆæ•°æ®,https://www.chanmama.com/douyin,1646919449,æœªåˆ†ç±»,å…¶ä»–èµ„æº
è‰å¦ˆå¦ˆåœºæ§ - æŠ–éŸ³ç›´æ’­æ™ºèƒ½åœºæ§è½¯ä»¶|ç›´æ’­å½•å±ã€å¤ç›˜ã€è¯Šæ–­å·¥å…·å’Œä¸»æ’­æ’ç­åŠ©æ‰‹,https://ck.chanmama.com/home,1647348700,æœªåˆ†ç±»,å…¶ä»–èµ„æº
å·¨é‡ç™¾åº”Buyin,https://buyin.jinritemai.com/dashboard,1647348704,æœªåˆ†ç±»,å…¶ä»–èµ„æº
å…´è¶£ç”µå•†æ•°æ®ä¸“å®¶-è€ƒå¤åŠ æ•°æ®,https://www.kaogujia.com/homeOverview,1675179475,æœªåˆ†ç±»,å…¶ä»–èµ„æº
å¹•å¸ƒ - æç®€å¤§çº²ç¬”è®° ï½œ ä¸€é”®ç”Ÿæˆæ€ç»´å¯¼å›¾,https://mubu.com/home,1646834819,æœªåˆ†ç±»,å…¶ä»–èµ„æº
è¯­é›€,https://www.yuque.com/dashboard,1595986314,æœªåˆ†ç±»,å…¶ä»–èµ„æº
Teambition,https://www.teambition.com/organization/5f535003b03361bcb5c76ddb,1602331591,æœªåˆ†ç±»,å…¶ä»–èµ„æº
æŠ–éŸ³æƒ…æ„Ÿå· - çŸ³å¢¨æ–‡æ¡£,https://shimo.im/folder/vtJh8wv6CGyQhCwG,1639895473,æœªåˆ†ç±»,å…¶ä»–èµ„æº
Notion Blog --- æ¦‚å¿µåšå®¢,https://www.notion.so/chengms/e6195db874814596aa0691329e3bb1ec?v=3119bf76a51540cb958527556912a7c3,1682061503,æœªåˆ†ç±»,å…¶ä»–èµ„æº
eMMC æ€»çº¿åè®® Â· Linux Kernel Internals,https://linux.codingbelief.com/zh/storage/flash_memory/emmc/emmc_bus_protocol.html,1659433932,æœªåˆ†ç±»,å…¶ä»–èµ„æº
Releases | The xPack Build Framework,https://xpack.github.io/tags/releases/,1659691141,æœªåˆ†ç±»,å…¶ä»–èµ„æº
çº¢é»‘æ ‘(äºŒ)ä¹‹ Cè¯­è¨€çš„å®ç° - å¦‚æœå¤©ç©ºä¸æ­» - åšå®¢å›­,https://www.cnblogs.com/skywang12345/p/3624177.html#a4,1676341130,æœªåˆ†ç±»,å…¶ä»–èµ„æº
J-Link - Web control panel [RTT],http://localhost:19080/rtt.htm?393238,1681714244,æœªåˆ†ç±»,å…¶ä»–èµ„æº
SATA åè®®æ ˆè¯¦è§£ï¼šä»ä¸²è¡Œä¿¡å·åˆ°è¯»å†™ç¡¬ç›˜ - çŸ¥ä¹,https://zhuanlan.zhihu.com/p/554251608,1690421090,æœªåˆ†ç±»,å…¶ä»–èµ„æº
å¿«æ¥çœ‹ï¼ŒSATAç§˜ç±æƒŠç°æ±Ÿæ¹–ï¼ï¼ï¼_å­˜å‚¨éšç¬” sata_å¤çŒ«å…ˆç”Ÿçš„åšå®¢-CSDNåšå®¢,https://memory-logger.blog.csdn.net/article/details/76136054,1690421125,æœªåˆ†ç±»,å…¶ä»–èµ„æº
Projects - Last Drafts | Technical Committee T13 AT Attachment --- é¡¹ç›® - æœ€åè‰ç¨¿ |æŠ€æœ¯å§”å‘˜ä¼š T13 AT é™„ä»¶,https://www.t13.org/project-last-drafts,1690513807,æœªåˆ†ç±»,å…¶ä»–èµ„æº
Documents Search | Technical Committee T13 AT Attachment --- æ–‡ä»¶æœç´¢ |æŠ€æœ¯å§”å‘˜ä¼š T13 AT é™„ä»¶,https://t13.org/docsearch?field_document_number_value=&title=&field_document_type_target_id=All&field_document_stage_target_id=All&field_author_value=&page=119,1693539532,æœªåˆ†ç±»,å…¶ä»–èµ„æº
Red/Black Tree Visualization,https://www.cs.usfca.edu/~galles/visualization/RedBlack.html,1680077218,æœªåˆ†ç±»,å…¶ä»–èµ„æº
Outlook,https://outlook.live.com/mail/0/inbox/id/AQQkADAwATZiZmYAZC1lOWY5LTBiYgBmLTAwAi0wMAoAEACsLQKYiVE5QrE70v6TRUHF,1677072266,æœªåˆ†ç±»,å…¶ä»–èµ„æº
é˜¿é‡Œé‚®ç®±ä¼ä¸šç‰ˆ,https://qiye.aliyun.com/alimail/#h=WyJmbV8yIixbIjIiLCIiLHsiZklkIjoiMiIsIm9mZnNldCI6MH0seyJsYWJlbCI6IumCruS7tiJ9XV0=,1677072266,æœªåˆ†ç±»,å…¶ä»–èµ„æº
DeepSeek - æ¢ç´¢æœªè‡³ä¹‹å¢ƒ,https://chat.deepseek.com/,1738760004,æœªåˆ†ç±»,å…¶ä»–èµ„æº
npm å®‰è£…ä¸æ›´æ–° - è±†åŒ…,https://www.doubao.com/chat/1157325562569218,1738762444,æœªåˆ†ç±»,å…¶ä»–èµ„æº
AI PDF Translator: Translate PDFs with Side-by-Side Bilingual View --- AI PDF Translatorï¼šä½¿ç”¨å¹¶æ’åŒè¯­è§†å›¾ç¿»è¯‘ PDF,https://deeppdf.ai/pdf-translator,1743125751,æœªåˆ†ç±»,å…¶ä»–èµ„æº
google console,https://search.google.com/search-console?resource_id=sc-domain%3Agametime.bar,1742565985,æœªåˆ†ç±»,å…¶ä»–èµ„æº
Cloudflare Dashboard | Manage Your Account,https://dash.cloudflare.com/a0b6c33cc9a59462834fa3c4f25c7a0f/pages/view/gameweb/domains,1742566004,æœªåˆ†ç±»,å…¶ä»–èµ„æº
Google Analytics,https://analytics.google.com/analytics/web/provision/#/provision/create,1742566019,æœªåˆ†ç±»,å…¶ä»–èµ„æº
Instant Domain Search | Domain Name Search,https://instantdomainsearch.com/,1742566121,æœªåˆ†ç±»,å…¶ä»–èµ„æº
Vercel,https://vercel.com/chengms-projects,1742997549,æœªåˆ†ç±»,å…¶ä»–èµ„æº
supabase-fuchsia-queen | chengms' projects | Supabase,https://supabase.com/dashboard/project/blhedlfhdkeaiguuntga,1742997750,æœªåˆ†ç±»,å…¶ä»–èµ„æº
