分类,名称,链接,图标,描述
工具网站/图片处理,TinyPNG,https://tinypng.com/,https://tinypng.com/images/social/website.jpg,在线图片压缩工具
工具网站/图片处理,图司机,https://www.tusij.com/,https://www.tusij.com/favicon.ico,在线图片编辑工具
工具网站/图片处理,路过图床,https://imgchr.com/,https://imgse.com/content/images/system/logo_homepage_1660832557536_fb7bf4.png,免费图片上传和外链服务
工具网站/视频处理,智影,https://zenvideo.qq.com/,https://zenvideo.qq.com/favicon.ico,在线智能视频创作平台
工具网站/文档处理,iLovePDF,https://www.ilovepdf.com/zh-cn,https://www.ilovepdf.com/favicon.ico,在线PDF处理工具
工具网站/文档处理,迅捷PDF转换器,https://app.xunjiepdf.com/,https://app.xunjiepdf.com/favicon.ico,在线PDF格式转换工具
工具网站/协作办公,语雀,https://www.yuque.com/,https://www.yuque.com/favicon.ico,专业的云端知识库
工具网站/协作办公,幕布,https://mubu.com/,https://mubu.com/favicon.ico,极简大纲笔记工具
工具网站/协作办公,Teambition,https://www.teambition.com/,https://www.teambition.com/favicon.ico,团队协作平台
工具网站/协作办公,Notion,https://www.notion.so/,https://www.notion.so/favicon.ico,多功能协作与知识管理工具
工具网站/招聘求职,智联招聘,https://www.zhaopin.com/,https://www.zhaopin.com/favicon.ico,全国性职业招聘平台
工具网站/招聘求职,BOSS直聘,https://www.zhipin.com/,https://www.zhipin.com/favicon.ico,直聊式求职招聘平台
工具网站/招聘求职,猎聘,https://www.liepin.com/,https://www.liepin.com/favicon.ico,高端人才招聘平台
工具网站/实用工具,短链生成器,https://xiaomark.com/,https://xiaomark.com/favicon.ico,短网址生成和统计工具
工具网站/实用工具,RGB调色器,http://xiaohudie.net/RGB.html,http://xiaohudie.net/favicon.ico,在线网页颜色选择器
工具网站/实用工具,Deskreen,https://deskreen.com/,https://deskreen.com/favicon.ico,跨平台屏幕共享工具
工具网站/实用工具,草料二维码,https://cli.im/,https://cli.im/favicon.ico,专业的二维码生成工具
工具网站/实用工具,Anki,https://apps.ankiweb.net/,https://apps.ankiweb.net/favicon.ico,智能记忆卡片工具
工具网站/实用工具,Hatchful,https://hatchful.shopify.com/zh-CN/,https://hatchful.shopify.com/favicon.ico,在线Logo设计工具
工具网站/企业服务,国家企业信用信息系统,http://www.gsxt.gov.cn/,http://www.gsxt.gov.cn/favicon.ico,企业信用信息查询平台
工具网站/企业服务,腾讯企业邮箱,https://exmail.qq.com/,https://exmail.qq.com/favicon.ico,企业邮箱服务平台
开发工具,GitHub,https://github.com/,https://github.githubassets.com/favicons/favicon.svg,全球最大的代码托管平台
开发工具,Docker Hub,https://hub.docker.com/,https://hub.docker.com/favicon.ico,Docker镜像仓库和容器平台
开发工具,VSCode,https://code.visualstudio.com/,https://code.visualstudio.com/favicon.ico,强大的代码编辑器
开发工具,微信开发者工具,https://mp.weixin.qq.com/,https://res.wx.qq.com/a/wx_fed/assets/res/NTI4MWU5.ico,微信小程序开发必备工具
开发工具,CodeSandbox,https://codesandbox.io/,https://codesandbox.io/favicon.ico,在线代码编辑器和开发环境
开发工具,Go-Astilectron,https://github.com/asticode/go-astilectron,https://github.com/favicon.ico,使用GO和HTML/JS/CSS构建跨平台GUI应用
开发工具,Fyne,https://github.com/fyne-io/fyne,https://github.com/favicon.ico,基于Material Design的Go跨平台GUI框架
开发工具,GoVCL,https://github.com/ying32/govcl,https://github.com/favicon.ico,跨平台的Golang GUI库
开发工具,Electron,http://www.electronjs.org/,https://www.electronjs.org/favicon.ico,使用Web技术构建跨平台桌面应用
开发工具,Go Collection,https://github.com/jiujuan/go-collection,https://github.com/favicon.ico,Go语言学习资源集合
学习资源,Go语言中文网,https://studygolang.com/,https://studygolang.com/static/img/go.ico,Go语言学习社区
学习资源,牛客网,https://www.nowcoder.com/,https://static.nowcoder.com/images/logo_87_87.png,程序员学习和面试平台
学习资源,菜鸟教程,https://www.runoob.com/,https://www.runoob.com/favicon.ico,综合性编程学习平台
学习资源,MDN Web Docs,https://developer.mozilla.org/,https://developer.mozilla.org/favicon.ico,Web开发技术文档
学习资源,书栈网,https://www.bookstack.cn/,https://www.bookstack.cn/favicon.ico,免费编程书籍阅读
学习资源,TED,https://open.163.com/ted/,https://open.163.com/favicon.ico,高质量公开课平台
学习资源,Go语言高级编程,https://chai2010.gitbooks.io/advanced-go-programming-book/,https://gitbooks.io/favicon.ico,Go语言进阶学习教程
学习资源,Go语言圣经,https://books.studygolang.com/gopl-zh/,https://studygolang.com/static/img/go.ico,Go语言编程指南
学习资源,Go语言设计与实现,https://draveness.me/golang/,https://draveness.me/favicon.ico,深入理解Go语言原理
学习资源,Algorithm Pattern,https://greyireland.gitbook.io/algorithm-pattern/,https://gitbook.io/favicon.ico,算法模式学习指南
学习资源,Go中文文档,https://go-zh.org/,https://go-zh.org/favicon.ico,Go语言官方中文文档
学习资源,Alex Edwards Blog,https://www.alexedwards.net/,https://www.alexedwards.net/favicon.ico,Go语言开发技术博客
学习资源,Free Programming Books,https://github.com/EbookFoundation/free-programming-books,https://github.com/favicon.ico,免费编程书籍资源
云服务,腾讯云,https://cloud.tencent.com/,https://cloud.tencent.com/favicon.ico,腾讯云计算服务平台
云服务,阿里云,https://www.aliyun.com/,https://img.alicdn.com/tfs/TB1_ZXuNcfpK1RjSZFOXXa6nFXa-32-32.ico,阿里云计算服务平台
云服务,Bmob后端云,https://www.bmob.cn/,https://www.bmob.cn/favicon.ico,移动应用后端云服务
云服务,Vercel,https://vercel.com/,https://vercel.com/favicon.ico,现代化的Web项目部署平台
云服务,Supabase,https://supabase.com/,https://supabase.com/favicon.ico,开源的Firebase替代品
设计资源,iconfont,https://www.iconfont.cn/,https://www.iconfont.cn/favicon.ico,阿里巴巴矢量图标库
设计资源,Unsplash,https://unsplash.com/,https://unsplash.com/favicon.ico,免费高质量图片资源
设计资源,Pixabay,https://pixabay.com/,https://pixabay.com/favicon.ico,免费商用图片素材库
设计资源,中国色,http://zhongguose.com/,http://zhongguose.com/favicon.ico,中国传统颜色
设计资源,Coverr,https://coverr.co/,https://coverr.co/favicon.ico,免费视频素材库
设计资源,Pexels,https://www.pexels.com/,https://www.pexels.com/favicon.ico,免费高质量图片素材
设计资源,Boardmix,https://boardmix.cn/,https://boardmix.cn/favicon.ico,AI智能白板协作工具
AI资源,Bing Image Creator,https://www.bing.com/images/create,https://www.bing.com/favicon.ico,AI图像生成工具
AI资源,ImgCreator,https://imgcreator.zmo.ai/,https://imgcreator.zmo.ai/favicon.ico,AI图像生成工具
AI资源,CognosysAI,https://www.cognosys.ai/,https://www.cognosys.ai/favicon.ico,AI智能助手平台
AI资源,PromptHero,https://prompthero.com/,https://prompthero.com/favicon.ico,AI提示词搜索平台
AI资源,Dreamina,https://www.capcut.cn/ai-tool/,https://www.capcut.cn/favicon.ico,AI创意设计平台
AI资源,WayToAGI,https://www.waytoagi.com/,https://www.waytoagi.com/favicon.ico,AI工具导航平台
AI资源,Kimi.ai,https://kimi.moonshot.cn/,https://kimi.moonshot.cn/favicon.ico,智能AI助手
AI资源,DeepSeek,https://chat.deepseek.com/,https://chat.deepseek.com/favicon.ico,探索未知的AI对话平台
AI资源,AI PDF Translator,https://deeppdf.ai/pdf-translator,https://deeppdf.ai/favicon.ico,AI驱动的PDF翻译工具
AI资源,91WinkAI导航,https://www.91wink.com/,https://www.91wink.com/favicon.ico,AI工具导航平台
自媒体工具,知识星球,https://wx.zsxq.com/,https://wx.zsxq.com/favicon.ico,深度连接粉丝的知识社群平台
自媒体工具,视频号助手,https://channels.weixin.qq.com/,https://channels.weixin.qq.com/favicon.ico,微信视频号管理工具
自媒体工具,企业微信,https://work.weixin.qq.com/,https://work.weixin.qq.com/favicon.ico,企业级即时通讯与协作平台
自媒体工具,微信公众平台,https://mp.weixin.qq.com/,https://mp.weixin.qq.com/favicon.ico,微信公众号运营平台
自媒体工具,MDNice,https://mdnice.com/,https://mdnice.com/favicon.ico,微信排版美化工具
自媒体工具,巨量创意,https://cc.oceanengine.com/,https://cc.oceanengine.com/favicon.ico,字节跳动广告创意平台
自媒体工具,抖音创作平台,https://creator.douyin.com/,https://creator.douyin.com/favicon.ico,抖音内容创作服务平台
数据分析,巨量算数,https://trendinsight.oceanengine.com/,https://trendinsight.oceanengine.com/favicon.ico,抖音短视频数据分析平台
数据分析,抖查查,https://www.douchacha.com/,https://www.douchacha.com/favicon.ico,短视频电商数据分析工具
数据分析,蝉妈妈,https://www.chanmama.com/,https://www.chanmama.com/favicon.ico,抖音直播电商数据分析平台